Model,STS_Score,Inference_Time_ms,Embedding_Dim,Model_Size_MB,Deployment_Ease,TOPSIS_Score,Rank
all-MiniLM-L6-v2,0.5452420473098755,378.97205352783203,384,80,5,0.7986943973187288,1.0
all-mpnet-base-v2,0.568964809179306,860.0857257843018,768,420,3,0.22116728180928172,5.0
paraphrase-MiniLM-L12-v2,0.47195221185684205,278.1822681427002,384,120,4,0.6885700502546072,2.0
distilbert-base-nli-stsb,0.6118792295455933,400.85744857788086,768,255,3,0.5626619819174082,3.0
roberta-base-nli-stsb,0.6588533580303192,810.408353805542,768,450,2,0.26954082891195025,4.0
